link,judul,tanggal,portal
https://en.antaranews.com/news/328510/health-ministry-integrates-119-emergency-number-into-satusehat-app,Health Ministry integrates 119 emergency number into SATUSEHAT app,2024-10-06,ANTARA News
https://cahayasiang.id/dinilai-peduli-lindungi-para-pekerja-bpjs-ketenagakerjaan-puji-gubernur-olly/,"Dinilai Peduli Lindungi Para Pekerja, BPJS Ketenagakerjaan Puji Gubernur Olly",2024-09-22,Cahaya Siang
https://sippn.menpan.go.id/pelayanan-publik/8295082/upt-puskesmas-pucanglaban/pelayanan-imunisasi-covid,Sistem Informasi Pelayanan Publik,2024-09-15,SIPPN
https://memorandum.disway.id/read/114165/pemerintah-tingkatkan-layanan-haji-dan-umrah-melalui-satu-sehat-vaksin-meningitis-jadi-wajib,"Pemerintah Tingkatkan Layanan Haji dan Umrah Melalui Satu Sehat, Vaksin Meningitis Jadi Wajib - memorandum.disway.id",2024-09-15,Memorandum.co.id
https://www.bicaranetwork.com/kesehatan/29513494079/tutorial-cara-isi-formulir-satu-sehat-pasca-pulang-dari-luar-negeri-wajib-cegah-mpox,"Tutorial Cara Isi Formulir Satu Sehat Pasca Pulang dari Luar Negeri, Wajib! Cegah Mpox - Bicara Network",2024-09-06,Bicara Network
https://kemlu.go.id/brussels/en/pages/satusehat_health_pass/5718/etc-menu,Embassy of the Republic of Indonesia in Brussels accredited to Luxembourg & the European Union Belgium,2024-09-06,Kemlu
https://newsroom.airasia.com/news/2024/8/29/indonesia-airasia-informs-international-passengers-to-complete-the-satusehat-health-pass-upon-entry-to-indonesia,Indonesia AirAsia Informs International Passengers to Complete the SATUSEHAT Health Pass Upon Entry to Indonesia,2024-09-06,AirAsia Newsroom
https://www.genpi.co/kesehatan/245752/bandara-i-gusti-ngurah-rai-wajibkan-penumpang-dari-luar-negeri-isi-aplikasi-satu-sehat,Bandara I Gusti Ngurah Rai Wajibkan Penumpang dari Luar Negeri Isi Aplikasi Satu Sehat - GenPI.co,2024-09-06,GenPI.co
https://visasnews.com/en/mpox-indonesia-introduces-health-pass-for-travelers/,Mpox: Indonesia introduces health pass for travelers,2024-09-06,VisasNews
https://kemlu.go.id/madrid/en/news/30434/the-implementation-of-satusehat-health-pass-for-international-travelers-to-indonesia,"EMBASSY OF THE REPUBLIC OF INDONESIA IN MADRID, THE KINGDOM OF SPAIN",2024-09-06,Kemlu
https://en.tempo.co/read/1909584/mpox-emergency-indonesia-reinstates-health-app-mandate-for-international-passengers,Mpox Emergency; Indonesia Reinstates Health App Mandate for International Passengers,2024-09-06,Tempo.co English
https://jakarta.akurat.co/lifestyle/1315048356/tok-pemerintah-resmi-berlakukan-kembali-skrining-lewat-aplikasi-satu-sehat-di-bandara?page=2,Tok! Pemerintah Resmi Berlakukan Kembali Skrining Lewat Aplikasi Satu Sehat di Bandara - Akurat Jakarta,2024-09-06,Akurat Jakarta
https://prokaltim.com/2024/07/telkomsel-luncurkan-komunitas-sehat-solusi-kesehatan-satu-pintu-untuk-kualitas-hidup-masyarakat-yang-lebih-baik/,"Telkomsel Luncurkan Komunitas Sehat, Solusi Kesehatan Satu Pintu untuk Kualitas Hidup Masyarakat yang Lebih Baik",2024-07-31,prokaltim
https://kupang.tribunnews.com/2024/06/26/rote-ndao-terima-penghargaan-100-persen-rme-puskesmas-terintegrasi-satu-sehat-dari-kemenkes-ri,Rote Ndao Terima Penghargaan 100 Persen RME Puskesmas Terintegrasi Satu Sehat dari Kemenkes RI,2024-06-26,Pos-kupang.com
https://www.bernas.id/2024/05/175899/perlukah-meng-uninstall-satu-sehat/,Perlukah Meng-uninstall Satu Sehat?,2024-05-29,BERNAS.id
https://chatnews.id/read/waspada-phising-dengan-modus-email-palsu-dari-aplikasi-satu-sehat,Waspada Phising dengan Modus Email Palsu dari Aplikasi Satu Sehat,2024-05-01,chatnews.id
https://www.reaktifnews.com/dinkes-provinsi-kalbar-gelar-pertemuan-integrasi-satu-sehat.html,Dinkes Provinsi Kalbar Gelar Pertemuan Integrasi Satu Sehat,2024-03-06,ReaktifNews
https://newsindonesia.co.id/read/berita-sumenep/transformasi-digital-rsud-moh-anwar-sumenep-bersiap-menuju-satu-sehat/,"Transformasi Digital, RSUD Moh Anwar Sumenep Bersiap Menuju Satu Sehat",2024-02-01,newsindonesia.co.id
https://zonasurabayaraya.pikiran-rakyat.com/surabaya-raya/pr-1857422269/cara-mengurus-str-seumur-hidup-melalui-satu-sehat-kemenekesgoid-step-by-step?page=all,Cara Mengurus STR Seumur Hidup melalui SATU SEHAT Kemenekes.go.id Step by Step - Zona Surabaya Raya,2023-12-01,Zona Surabaya Raya
https://kabarika.id/berita/2023/11/26/pemenang-undian-jalan-sehat-satu-putaran-prabowo-gibran/,PEMENANG UNDIAN JALAN SEHAT SATU PUTARAN PRABOWO GIBRAN,2023-11-26,kabarika
https://okinews.disway.id/read/1669/mulai-1-november-masuk-palembang-square-mal-wajib-pakai-peduli-lindungi,"Mulai 1 November, Masuk Palembang Square Mal Wajib Pakai Peduli Lindungi - okinews.disway.id",2023-11-20,okinews
https://telisik.id/news/sambut-rakernas-idi-di-kendari-satu-sehat-untuk-seluruh-rakyat-indonesia,Sambut Rakernas IDI di Kendari: Satu Sehat untuk Seluruh Rakyat Indonesia,2023-11-19,telisik.id
https://suara.ngawikab.go.id/2023/11/13/hkn-ke-59-menkes-ri-minta-percepatan-digitalisasi-data-kesehatan-ke-platform-satu-sehat/,"HKN ke-59, Menkes RI Minta Percepatan Digitalisasi Data Kesehatan Ke Platform Satu Sehat",2023-11-13,suara ngawi
https://read.id/rekam-medis-elektronik-terintegrasi-satu-sehat-resmi-diluncurkan/,Rekam Medis Elektronik Terintegrasi SATU SEHAT Resmi Diluncurkan,2023-11-11,Read.ID
https://www.who.int/indonesia/news/detail/02-11-2023-enhancing-health-data-quality--strengthening-indonesia-s-data-quality-assurance,Enhancing health data quality: strengthening Indonesia’s data quality assurance,2023-11-02,World Health Organization (WHO)
https://makassar.tribunnews.com/2023/11/01/kemenkominfo-bersama-kemenkes-atensi-penerapan-rme-bagi-faskes-agar-terintegrasi-satu-sehat,Kemenkominfo Bersama Kemenkes Atensi Penerapan RME Bagi Faskes Agar Terintegrasi Satu Sehat,2023-11-01,Tribun-timur.com
https://www.kompasiana.com/muthiasyahidah6220/652d1f4cee794a1550600db3/aplikasi-peduli-lindung-contoh-inovasi-kesehatan-bing,Aplikasi Peduli Lindung Contoh Inovasi Kesehatan - Kompasiana.com,2023-10-16,Kompasiana.com
https://beritajatim.com/jalan-sehat-hut-ke-18-himpaudi-gus-muhdlor-sumbang-satu-motor-matic,"Jalan Sehat HUT ke 18 Himpaudi, Gus Muhdlor Sumbang Satu Motor Matic",2023-10-07,beritajatim.com
https://www.infopublik.id/kategori/nusantara/718158/index.html,"Dukung Transformasi Pedulilindungi Jadi Satu Sehat Mobile, Dinkes Padang Panjang akan Laksanakan Sosialisasi",2023-09-25,InfoPublik
https://www.infopublik.id/galeri/foto/detail/127475?show=,SCAN BARCODE PEDULI LINDUNGI,2023-08-22,InfoPublik
https://www.liputan6.com/hot/read/5309541/cara-ubah-data-sertifikat-vaksin-lewat-whatsapp-tak-perlu-kirim-email-lagi,"Cara Ubah Data Sertifikat Vaksin Lewat WhatsApp, Tak Perlu Kirim Email Lagi",2023-06-24,Liputan6.com
https://www.siaranindonesia.com/baca/20230525/transformasi-digital-kesehatan-dalam-penerapan-emr-menuju-satu-sehat-kesiapan-pmik.html,"Transformasi Digital Kesehatan, Dalam penerapan EMR menuju SATU SEHAT & Kesiapan PMIK",2023-05-25,www.siaranindonesia.com
https://jatimnow.com/baca-58886-integrasi-data-gayatri-ke-satu-sehat-tim-dto-dan-pusdatin-kunjungi-dinkes-p2kb-kota-mojokerto,"Integrasi Data Gayatri ke Satu Sehat, Tim DTO dan Pusdatin Kunjungi Dinkes P2KB Kota Mojokerto",2023-05-17,jatimnow.com
https://surabayapagi.com/news-237101-aplikasi-gayatri-segera-terkoneksi-dengan-platform-satu-sehat-kementerian-kesehatan,Aplikasi Gayatri Segera Terkoneksi Dengan Platform Satu Sehat Kementerian Kesehatan,2023-05-17,surabayapagi.com
https://nakita.grid.id/read/023776912/begini-cara-mengatasi-crash-setelah-update-aplikasi-satu-sehat-bisa-dengan-3-langkah-ini?page=all,"Begini Cara Mengatasi Crash Setelah Update Aplikasi Satu Sehat, Bisa dengan 3 Langkah Ini",2023-05-05,Nakita.ID
https://nakita.grid.id/read/023777138/cara-cek-obat-kanker-di-aplikasi-satu-sehat-yang-baru-saja-diluncurkan-kemenkes?page=all,Cara Cek Obat Kanker di Aplikasi Satu Sehat yang Baru Saja Diluncurkan Kemenkes,2023-05-05,Nakita.ID
https://pontianak.tribunnews.com/2023/04/17/beredar-jasa-tembak-vaksin-covid-19-untuk-mudik-lebaran-2023-ini-penjelasan-kemenkes,"Beredar Jasa Tembak Vaksin Covid-19 Untuk Mudik Lebaran 2023, Ini Penjelasan Kemenkes",2023-04-17,Tribunpontianak.co.id
https://www.finansialku.com/lifestyle/cara-mengecek-sertifikat-vaksin/,"Cara Mengecek Sertifikat Vaksin dengan Aplikasi Satu Sehat, Catat!",2023-04-06,Finansialku
https://kaltim.tribunnews.com/2023/04/02/syarat-naik-pesawat-sekarang-dan-aturan-penerbangan-april-2023-cek-prokes-dan-update-satu-sehat,"Syarat Naik Pesawat Sekarang dan Aturan Penerbangan April 2023, Cek Prokes dan Update Satu Sehat",2023-04-02,Tribunkaltim.co
https://kaltim.tribunnews.com/2023/03/29/syarat-naik-pesawat-maret-2023-cara-update-aplikasi-satu-sehat-dan-aturan-penerbangan-terbaru-2023,"Syarat Naik Pesawat Maret 2023, Cara Update Aplikasi Satu Sehat dan Aturan Penerbangan Terbaru 2023",2023-03-29,Tribunkaltim.co
https://fajarpapua.com/2023/03/23/awas-ada-oknum-di-timika-tawarkan-jasa-vaksin-tanpa-suntik-di-media-sosial-pelaku-jamin-terdata-di-aplikasi-satu-sehat/,"Awas! Ada Oknum di Timika Tawarkan Jasa Vaksin Tanpa Suntik di Media Sosial, Pelaku Jamin Terdata di Aplikasi Satu Sehat",2023-03-23,Fajar Papua
https://investor.id/lifestyle/324968/cepat-sehat-apresiasi-penggantian-aplikasi-peduli-lindungi,Cepat Sehat Apresiasi Penggantian Aplikasi Peduli Lindungi,2023-03-19,investor.id
https://www.hitekno.com/gadget/2023/03/16/192416/perbedaan-pedulilindungi-dengan-aplikasi-satu-sehat,Perbedaan PeduliLindungi dengan Aplikasi Satu Sehat,2023-03-16,HiTekno.com
https://teknologi.solopos.com/hati-hati-penipuan-berkedok-link-update-aplikasi-satu-sehat-1576672,"Hati-Hati, Penipuan Berkedok Link Update Aplikasi Satu Sehat",2023-03-15,Solopos Teknologi
https://nakita.grid.id/read/023724565/cara-pakai-fitur-imunisasi-di-aplikasi-satu-sehat-yang-gantikan-pedulilindungi?page=all,Cara Pakai Fitur Imunisasi di Aplikasi Satu Sehat yang Gantikan PeduliLindungi,2023-03-12,Nakita.ID
https://kaltim.tribunnews.com/2023/03/09/syarat-naik-pesawat-sekarang-bukan-pakai-pedulilindungi-penumpang-wajib-instal-aplikasi-satu-sehat,"Syarat Naik Pesawat Sekarang, Bukan Pakai PeduliLindungi, Penumpang Wajib Instal Aplikasi Satu Sehat",2023-03-09,Tribunkaltim.co
https://www.tangerangkota.go.id/berita/detail/34021/peduli-lindungi-resmi-berubah-menjadi-satusehat-mobile,Peduli Lindungi Resmi Berubah Menjadi SATUSEHAT Mobile,2023-03-09,Kota Tangerang
https://kaltim.tribunnews.com/2023/03/06/cara-cek-sertifikat-vaksin-di-aplikasi-satu-sehat-trik-download-dan-solusi-bila-tidak-bisa-dibuka?page=all,"Cara Cek Sertifikat Vaksin di Aplikasi Satu Sehat, Trik Download dan Solusi Bila Tidak Bisa Dibuka",2023-03-06,Tribunkaltim.co
https://mediacenter.temanggungkab.go.id/berita/detail/temanggung-jadi-salah-satu-lokasi-jalan-sehat-bersama-bumn,Temanggung Jadi Salah Satu Lokasi Jalan Sehat Bersama BUMN,2023-03-05,Media Center Temanggung
https://pontianak.tribunnews.com/2023/03/05/apa-kegunaan-aplikasi-satu-sehat-mobile-cara-cek-download-sertifikat-vaksin,Apa Kegunaan Aplikasi Satu Sehat Mobile? Cara Cek Download Sertifikat Vaksin,2023-03-05,Tribunpontianak.co.id
https://palembang.tribunnews.com/2023/03/05/bagaimana-cara-cek-sertifikat-vaksin-covid-19-di-aplikasi-satusehat,Bagaimana Cara Cek Sertifikat Vaksin Covid-19 di Aplikasi SatuSehat ?,2023-03-05,Sripoku.com
https://pontianak.tribunnews.com/2023/03/05/update-pedulilindungi-cara-instal-dan-login-akun-di-aplikasi-satu-sehat-mobile,Update PeduliLindungi! Cara Instal dan Login Akun di Aplikasi Satu Sehat Mobile,2023-03-05,Tribunpontianak.co.id
https://www.smol.id/techno/717837735/alasan-kenapa-aplikasi-satu-sehat-tidak-bisa-dibuka-ternyata-karena-ini-simak-solusinya-di-sini,"ALASAN Kenapa Aplikasi Satu Sehat Tidak Bisa Dibuka Ternyata Karena Ini, Simak Solusinya di Sini! - Smol Id",2023-03-04,SMOL.id
https://portalkudus.pikiran-rakyat.com/nasional/pr-796360506/apa-itu-satu-sehat-kemenkes-dikabarkan-memiliki-fitur-lebih-lengkap-simak-aplikasi-satu-sehat-kemenkes?page=all,"Apa Itu Satu Sehat Kemenkes? Dikabarkan Memiliki Fitur Lebih Lengkap, Simak Aplikasi Satu Sehat Kemenkes - Portal Kudus",2023-03-03,Portal Kudus
https://indonesia.go.id/kategori/editorial/6903/satusehat-layanan-kesehatan-terpadu-dalam-genggaman?lang=1,"SatuSehat, Layanan Kesehatan Terpadu dalam Genggaman",2023-03-03,Portal Informasi Indonesia
https://www.lintaspapua.com/kesehatan/6557831056/aplikasi-pedulilindungi-terintegrasi-ke-satusehat-demikian-layanan-kesehatan-terpadu-dalam-genggaman,"Aplikasi PeduliLindungi Terintegrasi ke SatuSehat, Demikian Layanan Kesehatan Terpadu Dalam Genggaman - Lintas Papua",2023-03-03,Lintas Papua
https://gaya.tempo.co/read/1698350/cara-gunakan-aplikasi-satu-sehat-pengganti-pedulilindungi,Cara Gunakan Aplikasi Satu Sehat Pengganti PeduliLindungi,2023-03-03,Gaya Tempo
https://langit7.id/read/30250/1/4-fitur-diari-kesehatan-aplikasi-satu-sehat-mobile-1677765835,4 Fitur Diari Kesehatan Aplikasi Satu Sehat Mobile,2023-03-03,Langit7.id
https://news.detik.com/berita/d-6597965/aplikasi-satusehat-untuk-apa-ini-sederet-manfaat-pengganti-pedulilindungi,Aplikasi SatuSehat untuk Apa? Ini Sederet Manfaat Pengganti PeduliLindungi,2023-03-03,detikNews
https://www.smol.id/techno/717814675/kenapa-aplikasi-satu-sehat-tidak-bisa-dibuka-ternyata-karena-masalah-ini,Kenapa Aplikasi Satu Sehat Tidak Bisa Dibuka? Ternyata Karena Masalah Ini - Smol Id,2023-03-02,SMOL.id
https://www.smol.id/techno/717813481/gampang-begini-cara-melihat-kartu-vaksin-di-aplikasi-satu-sehat-cukup-ikuti-trik-ini-bro,"GAMPANG! Begini Cara Melihat Kartu Vaksin di Aplikasi Satu Sehat, Cukup Ikuti Trik Ini Bro! - Smol Id",2023-03-02,SMOL.id
https://promkes.kemkes.go.id/pedulilindungi-resmi-berubah-menjadi-satusehat,PeduliLindungi Resmi Berubah Menjadi SATUSEHAT,2023-03-02,Kementerian Kesehatan
https://nganjuk.inews.id/read/262882/sederet-fitur-aplikasi-satu-sehat-mobile-aktif-mulai-1-maret-2023,"Sederet Fitur Aplikasi Satu Sehat Mobile, Aktif Mulai 1 Maret 2023",2023-03-02,iNews.ID
https://langit7.id/read/30248/1/masyarakat-keluhkan-gagal-log-in-aplikasi-satu-sehat-mobile-1677762227,Masyarakat Keluhkan Gagal Log In Aplikasi Satu Sehat Mobile,2023-03-02,Langit7.id
https://jakarta.tribunnews.com/2023/03/02/beda-dari-pedulilindungi-ini-cara-cek-sertifikat-vaksin-di-aplikasi-satu-sehat-mobile,"Beda dari PeduliLindungi, Ini Cara Cek Sertifikat Vaksin di Aplikasi Satu Sehat Mobile",2023-03-02,Tribunjakarta.com
https://tech.indozone.id/gadget/921042387/tidak-bisa-login-ke-satu-sehat-mobile-apa-yang-harus-dilakukan-ini-panduannya,"Tidak Bisa Log-In ke Satu Sehat Mobile, Apa yang Harus Dilakukan? Ini Panduannya - Indozone Tech",2023-03-02,Indozone Tech
https://depoktoday.hops.id/nasional/3087808760/imbas-update-aplikasi-peduli-lindungi-ke-satu-sehat-mobile-kai-keluarkan-aturan-baru-naik-kereta-api,"Imbas Update Aplikasi Peduli Lindungi ke Satu Sehat Mobile, KAI Keluarkan Aturan Baru Naik Kereta Api - Depok Today",2023-03-02,Depok Today
https://fin.co.id/2023/03/01/aplikasi-pedulilindungi-ganti-satu-sehat-ini-fitur-dan-keunggulan-yang-tidak-ada-di-pedulilindungi,"Aplikasi PeduliLindungi Ganti Satu Sehat, Ini Fitur dan Keunggulan yang Tidak Ada di PeduliLindungi",2023-03-01,FIN.CO.ID
https://jakarta.tribunnews.com/2023/03/01/berubah-otomatis-ini-cara-update-aplikasi-pedulilindungi-jadi-satu-sehat-mobile,"Berubah Otomatis, Ini Cara Update Aplikasi PeduliLindungi Jadi Satu Sehat Mobile",2023-03-01,Tribunjakarta.com
https://www.liputan6.com/tekno/read/5219495/pedulilindungi-jadi-satu-sehat-mobile-per-1-maret-tak-perlu-hapus-aplikasi,"PeduliLindungi Jadi Satu Sehat Mobile per 1 Maret, Tak Perlu Hapus Aplikasi",2023-03-01,Liputan6.com
https://sumeks.disway.id/read/656006/mulai-hari-ini-aplikasi-peduli-lindugi-ganti-nama-jadi-satu-sehat-mobile,"Mulai Hari Ini, Aplikasi Peduli Lindugi Ganti Nama Jadi Satu Sehat Mobile - sumeks.disway.id",2023-03-01,Sumeks.co
https://kalteng.antaranews.com/berita/622593/mulai-1-maret-aplikasi-pedulilindungi-jadi-satu-sehat-hingga-keamanan-data-pengguna-aman,Mulai 1 Maret Aplikasi PeduliLindungi jadi Satu Sehat hingga keamanan data pengguna aman,2023-03-01,ANTARA News
https://www.jatimnetwork.com/teknologi/437797481/kenapa-aplikasi-satu-sehat-mobile-tidak-bisa-login-ternyata-terkait,Kenapa Aplikasi Satu Sehat Mobile Tidak Bisa Login? Ternyata Terkait..... - Jatim Network,2023-03-01,Jatim Network
https://coconuts.co/jakarta/news/pedulilindungi-is-now-satu-sehat-following-rebrand-but-people-say-theyre-struggling-to-log-in/,"PeduliLindungi is now Satu Sehat following rebrand, but people say they're struggling to log in",2023-03-01,Coconuts Jakarta
https://www.inews.id/news/nasional/hari-ini-aplikasi-pedulilindungi-berubah-jadi-satu-sehat-mobile,Hari Ini Aplikasi PeduliLindungi Berubah Jadi Satu Sehat Mobile,2023-03-01,iNews.ID
https://makemac.grid.id/read/213711618/aplikasi-pedulilindungi-berubah-menjadi-satu-sehat-apa-bedanya?page=0,"Aplikasi PeduliLindungi Berubah Menjadi Satu Sehat, Apa Bedanya?",2023-03-01,Makemac
https://www.ayojakarta.com/news/767798178/waduh-baru-sehari-sosialisasi-aplikasi-satu-sehat-mobile-banjir-keluhan-di-twitter,"Waduh! Baru Sehari Sosialisasi, Aplikasi Satu Sehat Mobile Banjir Keluhan di Twitter - Ayo Jakarta",2023-03-01,Ayo Jakarta Com
https://timesindonesia.co.id/peristiwa-daerah/447536/peduli-lindungi-berubah-calon-penumpang-ka-diimbau-bawa-bukti-vaksinasi-covid19,"Peduli Lindungi Berubah, Calon Penumpang KA Diimbau Bawa Bukti Vaksinasi Covid-19",2023-03-01,TIMES Indonesia
https://www.antaranews.com/infografik/3419199/transformasi-pedulilindungi-menjadi-satusehat,Transformasi PeduliLindungi menjadi SATUSEHAT,2023-03-01,ANTARA News
https://telset.id/how-to/cara-update-aplikasi-pedulilindungi-ke-satu-sehat/,"Cara Update Aplikasi PeduliLindungi ke Satu Sehat, Mudah Banget!",2023-03-01,Telset.id
https://www.hulondalo.id/kesehatan/9647774737/aplikasi-peduli-lindungi-tak-akan-dipakai-lagi-ini-penggantinya,"Aplikasi Peduli Lindungi Tak Akan Dipakai lagi, Ini Penggantinya - Hulondalo",2023-02-28,Hulondalo
https://rakyatku.com/read/221616/mulai-1-maret-aplikasi-pedulilindungi-berubah-jadi-satu-sehat-mobile,"Mulai 1 Maret, Aplikasi PeduliLindungi Berubah Jadi Satu Sehat Mobile",2023-02-28,Rakyatku.Com
https://www.mnctrijaya.com/news/detail/57953/aplikasi-pedulilindungi-bakal-berubah-jadi-satu-sehat-mobile-mulai-1,Aplikasi PeduliLindungi Bakal Berubah Jadi Satu Sehat Mobile Mulai 1 Maret 2023,2023-02-28,Mnctrijaya.com
https://www.solopos.com/mulai-besok-aplikasi-pedulilindungi-otomatis-berubah-jadi-satu-sehat-mobile-1561280,"Mulai Besok, Aplikasi PeduliLindungi Otomatis Berubah Jadi Satu Sehat Mobile",2023-02-28,Espos News
https://www.portaltebo.id/news/5737780514/manfaatkan-fitur-terbaru-dan-cara-update-aplikasi-peduli-lindungi-setelah-ganti-nama-jadi-satu-sehat-mobile,Manfaatkan Fitur Terbaru dan Cara Update Aplikasi Peduli Lindungi Setelah Ganti Nama Jadi Satu Sehat Mobile - Portal Tebo,2023-02-28,Portal Tebo
https://www.liputan6.com/tekno/read/5219755/transisi-ke-satu-sehat-mobile-pedulilindungi-lakukan-maintenance,"Transisi ke Satu Sehat Mobile, PeduliLindungi Lakukan Maintenance",2023-02-28,Liputan6.com
https://metro.batampos.co.id/aplikasi-pedulilindungi-berganti-nama-jadi-satu-sehat/,Aplikasi PeduliLindungi Berganti Nama Jadi Satu Sehat,2023-02-28,batampos.co.id
https://www.beritasatu.com/lifestyle/1030080/pedulilindungi-dilebur-jadi-satu-sehat-kemenkes-cuma-ganti-nama,"PeduliLindungi Dilebur Jadi Satu Sehat, Kemenkes: Cuma Ganti Nama",2023-02-28,BeritaSatu.com
https://news.solopos.com/pedulilindungi-jadi-satu-sehat-mobile-ini-sederet-layanan-yang-diberikan-1561286,"PeduliLindungi Jadi Satu Sehat Mobile, Ini Sederet Layanan yang Diberikan",2023-02-28,Solopos News
https://pedomanrakyat.com/per-maret-aplikasi-pedulilindungi-transformasi-ke-satu-sehat-mobile/,"Per Maret, Aplikasi PeduliLindungi Transformasi ke Satu Sehat Mobile",2023-02-28,Pedomanrakyat.com
https://surabaya.jatimnetwork.com/nasional/527775761/catat-peduli-lindungi-beralih-menjadi-satu-sehat-mobile-mulai-1-maret-2023,Catat! Peduli Lindungi Beralih Menjadi Satu Sehat Mobile Mulai 1 Maret 2023 - Surabaya Network,2023-02-28,Surabaya Network
https://en.antaranews.com/news/274038/satu-sehat-to-be-indonesias-main-health-platform-ministry,Satu Sehat to be Indonesias main health platform: ministry,2023-02-27,ANTARA News
https://radarlampung.disway.id/read/662965/peduli-lindungi-dihapuskan-bakal-transisi-menjadi-satusehat-mobile,"Peduli Lindungi Dihapuskan, Bakal Transisi Menjadi SATUSEHAT Mobile - radarlampung.disway.id",2023-02-27,Radarlampung
https://teknologi.bisnis.com/read/20230227/84/1632035/besok-aplikasi-pedulilindungi-hilang-ganti-jadi-satu-sehat,"Besok, Aplikasi PeduliLindungi Hilang! Ganti Jadi Satu Sehat",2023-02-27,Bisnis Tekno
https://www.antaranews.com/berita/3416217/kemenkes-aplikasi-pedulilindungi-jadi-satu-sehat-mobile-mulai-1-maret,Kemenkes: Aplikasi PeduliLindungi jadi Satu Sehat Mobile mulai 1 Maret,2023-02-27,ANTARA News
https://en.antaranews.com/news/274044/pedulilindungi-to-become-satu-sehat-mobile-govt,PeduliLindungi to become Satu Sehat Mobile: govt,2023-02-27,ANTARA News
https://dutatv.com/aplikasi-pedulilindungi-segera-bertransformasi-jadi-satu-sehat-mobile/,Aplikasi ‘PeduliLindungi’ Segera Bertransformasi Jadi ‘Satu Sehat Mobile’,2023-02-20,Duta TV
https://mmc.kalteng.go.id/berita/read/40380/peringati-satu-abad-nu-wagub-edy-pratowo-jalan-sehat-bersama-pcnu-kota-palangka-raya,"Peringati Satu Abad NU, Wagub Edy Pratowo jalan sehat bersama PCNU Kota Palangka Raya",2023-02-19,mmckalteng
https://www.idntimes.com/news/world/sonya-michaella/aplikasi-pedulilindungi-akan-berubah-jadi-satu-sehat-mobile,PeduliLindungi Bakal Berubah Jadi Satu Sehat Mobile,2023-02-18,IDN Times
https://indonesiaexpat.id/news/pedulilindungi-turning-into-integrated-health-app-satusehat-mobile/,"PeduliLindungi Turning into Integrated Health App, SatuSehat Mobile",2023-02-17,Indonesia Expat
https://tribunpekanbarutravel.tribunnews.com/2023/02/17/pedulilindungi-akan-diganti-dengan-satu-sehat-mobile-launching-28-februari-ini-kelebihannya,"PeduliLindungi akan Diganti dengan Satu Sehat Mobile, Launching 28 Februari, Ini Kelebihannya",2023-02-17,Tribunnews.com
https://dailysocial.id/post/berkenalan-dengan-aplikasi-satu-sehat-layanan-kesehatan-di-era-digital,"Berkenalan dengan Aplikasi SATU SEHAT, Layanan Kesehatan di Era Digital",2023-02-14,DailySocial
https://www.jaringnews.co.id/nasional/pr-9887619961/waspada-hoax-surat-mengatasnamakan-kemenkes-dengan-program-satu-sehat,Waspada Hoax Surat Mengatasnamakan Kemenkes dengan Program Satu Sehat - Jaring News,2023-02-09,Jaring News
https://kabartangsel.com/beredar-surat-palsu-mengatasnamakan-kementerian-kesehatan-terkait-pengembangan-program-satu-sehat/,Beredar Surat Palsu Mengatasnamakan Kementerian Kesehatan Terkait Pengembangan Program SATU SEHAT,2023-02-09,Kabar Tangsel
https://mediacenter.temanggungkab.go.id/berita/detail/jalan-sehat-satu-abad-nu-ngrawat-jagat-membangun-peradaban,"Jalan Sehat Satu Abad NU, (Ngrawat Jagat, Membangun Peradaban)",2023-02-04,Media Center Temanggung
https://www.cnbcindonesia.com/news/20230126071055-4-408293/menteri-jokowi-bikin-super-app-nyambung-ke-peduli-lindungi,"Menteri Jokowi Bikin Super App, Nyambung ke Peduli Lindungi",2023-01-26,CNBC Indonesia
https://jakartaglobe.id/tech/not-just-for-covid19-tracing-govt-to-upgrade-pedulilindungi,Not Just for Covid-19 Tracing: Gov’t to Upgrade PeduliLindungi,2023-01-06,Jakarta Globe
https://en.vietnamplus.vn/indonesias-government-to-exploit-data-from-pedulilindungi-health-app-post246547.vnp,Indonesia’s Government to exploit data from PeduliLindungi health app,2023-01-04,Vietnam+ (VietnamPlus)
https://www.gramedia.com/best-seller/cara-daftar-pedulilindungi/,Pahami Cara Daftar PeduliLindungi dan Cara Menggunakannya,2022-12-02,Gramedia
http://www.thejakartapost.com/paper/2022/11/22/care-and-protect-apparent-govt-health-app-breach-raises-deeper-data-concerns.html,Apparent data breach at govt COVID-19 health app increases privacy concerns,2022-11-22,The Jakarta Post
https://kumparan.com/kumparannews/penghargaan-kominfo-pedulilindungi-jadi-karya-terpilih-di-sektor-layanan-publik-1zEsisAbCB9,Penghargaan Kominfo: PeduliLindungi Jadi Karya Terpilih di Sektor Layanan Publik - kumparan.com,2022-11-13,Kumparan
https://indonesiabaik.id/index.php/infografis/makin-mudah-checkin-pedulilindungi-via-web,Makin Mudah CheckIn PeduliLindungi via WEB,2022-10-25,Indonesia Baik
https://www.parapuan.co/read/533520460/miliki-kulit-cantik-dan-sehat-salah-satu-kuncinya-gunakan-serum-vitamin-c,"Miliki Kulit Cantik dan Sehat, Salah Satu Kuncinya Gunakan Serum Vitamin C",2022-10-11,Parapuan
https://sehatnegeriku.kemkes.go.id/baca/rilis-media/20220930/1141177/kini-check-in-pedulilindungi-bisa-lewat-website/,Kini Check In PeduliLindungi Bisa Lewat Website,2022-09-30,Sehat Negeriku
https://www.cnbcindonesia.com/tech/20220926170422-37-375080/pedulilindungi-lenyap-di-shopee-tokped-hingga-gojek,"PeduliLindungi Lenyap di Shopee, Tokped, Hingga Gojek",2022-09-26,CNBC Indonesia
https://sehatnegeriku.kemkes.go.id/baca/rilis-media/20220921/3441106/pedulilindungi-raih-penghargaan-indonesia-brand-forum-2022/,PeduliLindungi Raih Penghargaan Indonesia Brand Forum 2022,2022-09-21,Sehat Negeriku
https://indobalinews.pikiran-rakyat.com/nasional/pr-885503894/sempat-eror-aplikasi-peduli-lindungi-sudah-beroperasi-normal?page=all,"Sempat Eror, Aplikasi Peduli Lindungi Sudah Beroperasi Normal - Indo Bali News",2022-09-14,Indo Bali News
https://www.antaranews.com/berita/3108577/kemenkes-pedulilindungi-akan-jadi-aplikasi-layanan-masyarakat,Kemenkes: PeduliLindungi akan jadi aplikasi layanan masyarakat,2022-09-09,ANTARA News
https://news.okezone.com/read/2022/08/31/244/2658232/g20-layanan-pedulilindungi-bahasa-disiapkan-di-bali?page=all,"G20, Layanan PeduliLindungi 14 Bahasa Disiapkan di Bali",2022-08-31,news.okezone.com
https://kaltim.tribunnews.com/2022/08/23/amsi-gandeng-bni-kolaborasi-dalam-literasi-keamanan-digital-perbankan-peduli-lindungi-data-pribadi,"AMSI Gandeng BNI Kolaborasi dalam Literasi Keamanan Digital Perbankan, Peduli Lindungi Data Pribadi",2022-08-23,Tribunkaltim.co
https://kemlu.go.id/madrid/lc/news/20246/preguntas-frecuentes-sobre-la-interoperabilidad-entre-el-certificado-digital-covid-de-la-unin-europea-y-la-repblica-de-indonesia,"EMBAJADA DE LA REPÚBLICA DE INDONESIA en MADRID, REINO DE ESPAÑA",2022-08-05,Kemlu
https://www.apc.org/en/news/pedulilindungi-care-and-protect,PeduliLindungi: To care for and protect?,2022-08-04,Association for Progressive Communications
https://sehatnegeriku.kemkes.go.id/baca/umum/20220802/5940831/aplikasi-pedulilindungi-raih-top-inovasi-pelayanan-publik-terpuji-2022/,Aplikasi PeduliLindungi Raih Top Inovasi Pelayanan Publik Terpuji 2022,2022-08-03,Sehat Negeriku
https://beritamanado.com/dirgahayu-kemerdekaan-ri-camat-jonly-wua-buka-jalan-sehat-pineleng-satu-timur/,"Dirgahayu Kemerdekaan RI, Camat Jonly Wua Buka Jalan Sehat Pineleng Satu Timur",2022-07-30,BeritaManado.com
https://dinkes.sumselprov.go.id/2022/07/24-terkonfirmasi-covid19-sumsel-22-7-2022-cara-unduh-sertifikat-vaksin-internasional-di-peduli-lindungi/,24 Terkonfirmasi Covid19 Sumsel 22/7/2022 | Cara Unduh Sertifikat Vaksin Internasional di Peduli Lindungi,2022-07-23,Dinas Kesehatan Provinsi Sumatera Selatan
https://timesindonesia.co.id/peristiwa-daerah/419817/masuk-ke-jazz-gunung-bromo-pengunjung-harus-pakai-aplikasi-peduli-lindungi,Masuk Ke Jazz Gunung Bromo Pengunjung Harus Pakai Aplikasi Peduli Lindungi,2022-07-22,TIMES Indonesia
https://www.jaringnews.co.id/daerah/pr-9887618904/dinkes-kabupaten-serang-kesulitan-deteksi-penerima-vaksinasi-covid-19-yang-kadaluarsa,Dinkes Kabupaten Serang Kesulitan Deteksi Penerima Vaksinasi Covid-19 yang Kadaluarsa - Jaring News,2022-07-20,Jaring News
https://satujuang.com/pemerintah-luncurkan-migor-14-ribu-jika-mau-siapkan-aplikasi-peduli-lindungi/2/,"Pemerintah Luncurkan Migor 14 Ribu, Jika Mau Siapkan Aplikasi Peduli Lindungi - Laman 2 dari 2",2022-07-08,satujuang.com
https://reformasiaktual.com/2022/07/06/pemerintah-kecamatan-makassar-berlakukan-aplikasi-peduli-lindungi-guna-tekan-laju-covid-19/,"Pemerintah Kecamatan Makassar Berlakukan Aplikasi Peduli Lindungi, Guna Tekan Laju Covid-19",2022-07-06,Reformasi Aktual
https://tugubandung.id/pembelian-minyak-goreng-ridwan-kamil-aplikasi-peduli-lindungi-akan-disinkronisasi-dengan-program-pemirsa-budiman/,"Pembelian Minyak Goreng, Ridwan Kamil: Aplikasi Peduli Lindungi Akan Disinkronisasi",2022-06-30,tugubandung.id
https://infosumbar.net/berita/berita-sumbar/pedagang-di-pasar-lubuk-buaya-keluhkan-kebijakan-pembelian-minyak-goreng-menggunakan-aplikasi-peduli-lindungi/,Pedagang di Pasar Lubuk Buaya Keluhkan Kebijakan Pembelian Minyak Goreng Menggunakan Aplikasi Peduli Lindungi,2022-06-29,infoSumbar
https://mediablitar.pikiran-rakyat.com/nasional/pr-324871070/cara-beli-minyak-goreng-murah-pakai-peduli-lindungi-bisa-dengan-ktp?page=all,"Cara Beli Minyak Goreng Murah Pakai Peduli Lindungi, Bisa dengan KTP - Media Blitar",2022-06-29,Media Blitar
https://populis.id/read26247/pks-tolak-penggunaan-peduli-lindungi-untuk-beli-minyak-goreng-menyulitkan-masyarakat-kecil-hari-gini,"PKS Tolak Penggunaan Peduli Lindungi untuk Beli Minyak Goreng, Menyulitkan Masyarakat Kecil! Hari Gini...",2022-06-28,Populis
https://kabarjoglosemar.pikiran-rakyat.com/news/pr-734851980/mulai-hari-ini-membeli-minyak-goreng-curah-harus-menggunakan-aplikasi-peduli-lindungi-begini-caranya?page=all,Mulai Hari Ini Membeli Minyak Goreng Curah Harus Menggunakan Aplikasi Peduli Lindungi: Begini Caranya - Kabar Joglo Semar,2022-06-27,Kabar Joglo Semar
https://mmc.kotawaringinbaratkab.go.id/covid/beberapa-aturan-terkait-covid-19-yang-tertuang-dalam-se-nomor-20-tahun-2022,Beberapa Aturan Terkait Covid-19 Yang Tertuang dalam SE Nomor 20 Tahun 2022,2022-06-23,MMC Kotawaringin Barat
https://kemlu.go.id/portal/id/read/3717/view/kbri-bangkok-gelar-sosialisasi-traveling-di-masa-pandemi-untuk-masyarakat-indonesia-di-thailand,KBRI Bangkok Gelar Sosialisasi Traveling di Masa Pandemi untuk Masyarakat Indonesia di Thailand,2022-06-22,Kemlu
https://www.idxchannel.com/economics/siap-siap-beli-minyak-goreng-curah-pakai-qr-code-dan-aplikasi-peduli-lindungi,"Siap-siap, Beli Minyak Goreng Curah Pakai QR Code dan Aplikasi Peduli Lindungi",2022-06-10,IDX Channel
https://www.kompas.id/baca/ilmu-pengetahuan-teknologi/2022/05/22/mengintegrasikan-aplikasi-layanan-kesehatan,Mengintegrasikan Aplikasi Layanan Kesehatan,2022-05-23,Kompas.id
https://indonesiaexpat.id/news/pedulilindungi-applicable-in-the-european-union/,PeduliLindungi Applicable in the European Union,2022-05-12,Indonesia Expat
https://sehatnegeriku.kemkes.go.id/baca/rilis-media/20220415/3839664/pedulilindungi-telah-cegah-jutaan-warga-terpapar-covid-19/,PeduliLindungi Telah Cegah Jutaan Warga Terpapar COVID-19,2022-04-15,Sehat Negeriku
https://www.liputan6.com/health/read/4938078/pedulilindungi-ganti-email-pengaduan,PeduliLindungi Ganti Email Pengaduan,2022-04-14,Liputan6.com
https://jatim.tribunnews.com/2022/04/10/pamekasan-akan-berlakukan-wajib-pakai-peduli-lindungi-bagi-penumpang-yang-naik-bus-di-terminal,Pamekasan akan Berlakukan Wajib Pakai Peduli Lindungi Bagi Penumpang yang Naik Bus di Terminal,2022-04-10,Tribunjatim.com
https://sulsel.kemenag.go.id/daerah/data-vaksin-jemaah-haji-di-siskohat-tidak-sinkron-dengan-peduli-lindungi-ini-alasannya-t4SM0,"Data Vaksin Jemaah Haji Di Siskohat Tidak Sinkron Dengan Peduli Lindungi, Ini Alasannya..",2022-04-08,Sulsel Kemenag
https://kemlu.go.id/penang/en/news/18168/health-protocols-for-overseas-travelers-entering-indonesia-during-the-covid-19-pandemic-masa,CONSULATE GENERAL OF THE REPUBLIC OF INDONESIA in PENANG MALAYSIA,2022-03-31,Kemlu
https://boganinews.com/terkini/pemkab-boltim-pasang-papan-barcode-aplikasi-peduli-lindungi-di-kantor-bupati/,Pemkab Boltim Pasang Papan Barcode Aplikasi Peduli Lindungi di Kantor Bupati,2022-03-15,BoganiNews.com
https://metrorakyat.com/2022/03/sat-lanats-polres-simalungun-cegah-penyebaran-covid-19-dengan-memaksimalkan-scan-barcode-peduli-lindungi/,Sat Lanats Polres Simalungun Cegah Penyebaran Covid 19 Dengan Memaksimalkan Scan Barcode Peduli Lindungi,2022-03-15,Metro Rakyat News
https://www.voanews.com/a/thousands-of-refugees-shut-out-from-public-facilities/6480371.html,Thousands of Refugees in Indonesia ‘Shut Out’ from Public Facilities,2022-03-11,Voice of America
https://www.sonora.id/read/423179524/beragam-inovasi-layanan-hadir-bagi-peserta-jkn-kis-di-tengah-pandemi,Beragam Inovasi Layanan Hadir bagi Peserta JKN-KIS di Tengah Pandemi,2022-03-10,Sonora.id
https://indonesiabaik.id/videografis/kapan-status-warna-pedulilindungi-berubah,Kapan Status Warna PeduliLindungi Berubah?,2022-03-03,Indonesia Baik
https://bengkuluutarakab.go.id/pemkab-bu-berlakukan-barcode-peduli-lindungi-di-seluruh-opd/,Pemkab BU Berlakukan Barcode Peduli Lindungi Di Seluruh OPD,2022-03-01,Pemerintah Kabupaten Bengkulu Utara
https://www.wowkeren.com/berita/tampil/00412249.html,"Bubah Alfian Mendadak Positif COVID-19 Saat Dandani Raisa, Naik Pitam Pada Kinerja Peduli Lindungi",2022-02-21,WowKeren
https://javasatu.com/polri/masuk-mapolsek-duduksampeyan-diperketat-aplikasi-peduli-lindungi/,Masuk Mapolsek Duduksampeyan Diperketat Aplikasi Peduli Lindungi,2022-02-15,Javasatu.com
http://www.thejakartapost.com/culture/2022/02/14/how-we-can-do-better-pedulilindungi-should-be-doing-more.html,How we can do better: PeduliLindungi should be doing more,2022-02-14,The Jakarta Post
https://katadata.co.id/berita/nasional/620a617f1dba2/cara-daftar-pedulilindungi-dengan-mudah-dan-cepat,Cara Daftar PeduliLindungi dengan Mudah dan Cepat,2022-02-14,Katadata.co.id
https://dayaknews.com/kapuas/masuk-kantor-diskominfo-kapuas-scan-barcode-peduli-lindungi/,MASUK KANTOR DISKOMINFO KAPUAS SCAN BARCODE PEDULI LINDUNGI,2022-02-11,Dayak News
https://www.strategi.id/merah-putih/pr-1042636655/pondok-indah-mall-paling-terbanyak-dikunjungi-sesuai-aplikasi-peduli-lindungi,Pondok Indah Mall Paling Terbanyak Dikunjungi Sesuai Aplikasi Peduli Lindungi - Strategi,2022-02-10,https://www.strategi.id
https://infobekasi.co.id/2022/02/09/penggunaan-aplikasi-peduli-lindungi-untuk-masuk-ke-mal-di-bekasi-diperketat/,Penggunaan Aplikasi Peduli Lindungi untuk Masuk ke Mal di Bekasi Diperketat,2022-02-09,infobekasi.co.id
https://www.lampungselatankab.go.id/web/2022/02/07/pimpin-apel-asisten-bidang-administrasi-umum-pinta-seluruh-perkantoran-gunakan-aplikasi-peduli-lindungi/,"Pimpin Apel, Asisten Bidang Administrasi Umum Pinta Seluruh Perkantoran Gunakan Aplikasi Peduli Lindungi",2022-02-07,Pemkab Lampung Selatan
https://acehekspres.com/news/bireuen-berlakukan-peduli-lindungi-di-pintu-masuk-kantor/index.html,Bireuen Berlakukan Peduli Lindungi di Pintu Masuk Kantor,2022-02-06,AcehEkspres.com
https://www.subang.go.id/berita/jajaran-polres-subang-lakukan-scanning-peduli-lindungi-hingga-penerapan-prokes-pada-anggota-dan-pengunjung,Jajaran Polres Subang Lakukan Scanning Peduli Lindungi Hingga Penerapan Prokes Pada Anggota Dan Pengunjung,2022-02-04,Pemerintah Kabupaten Subang
https://www.jaringnews.co.id/nasional/pr-9887617467/begini-cara-update-sertifikat-vaksin-berstandar-who-di-aplikasi-peduli-lindungi,Begini Cara Update Sertifikat Vaksin Berstandar WHO di Aplikasi Peduli Lindungi - Jaring News,2022-02-03,Jaring News
https://www.mediahumaspolri.com/polsek-rumbai-pesisir-mengarahkan-masyarakat-untuk-penggunaan-aplikasi-peduli-lindungi-di-mapolsek-rumbai-pesisir/,Polsek Rumbai Pesisir mengarahkan masyarakat untuk penggunaan aplikasi PEDULI LINDUNGI Di Mapolsek Rumbai Pesisir,2022-01-25,Mediahumaspolri.com
https://blora.pikiran-rakyat.com/gaya-hidup/pr-2093539090/cara-download-sertifikat-vaksin-tanpa-perlu-download-aplikasi-peduli-lindungi?page=all,Cara download Sertifikat Vaksin Tanpa Perlu Download Aplikasi Peduli Lindungi - Media Blora,2022-01-22,Media Blora
https://lintasjatimnews.com/2022/01/19/humanis-akbp-andi-sinjaya-jelaskan-aplikasi-peduli-lindungi-kepada-peserta-vaksinasi/,"HUMANIS, AKBP ANDI SINJAYA JELASKAN APLIKASI PEDULI LINDUNGI KEPADA PESERTA VAKSINASI",2022-01-19,LintasJatimNews.com
https://tirto.id/cara-menghapus-sertifikat-vaksin-orang-lain-di-pedulilindungi-gnFj,Cara Menghapus Sertifikat Vaksin Orang Lain di PeduliLindungi,2022-01-14,Tirto.id
https://dayaknews.com/palangka-raya/sekarang-check-in-peduli-lindungi-tidak-ribet-lagi-simak-ulasannya/,"SEKARANG CHECK-IN PEDULI LINDUNGI, TIDAK RIBET LAGI! SIMAK ULASANNYA",2022-01-14,Dayak News
https://sehatnegeriku.kemkes.go.id/baca/rilis-media/20220111/1739139/vaksin-booster-segera-dimulai-cek-tiket-vaksinasi-di-pedulilindungi/,"Vaksin Booster Segera Dimulai, Cek Tiket Vaksinasi di PeduliLindungi",2022-01-11,Sehat Negeriku
https://jambi.tribunnews.com/2022/01/07/area-publik-di-kota-jambi-sudah-dibuka-75-persen-peduli-lindungi-diterapkan,"Area Publik di Kota Jambi Sudah Dibuka 75 Persen, Peduli Lindungi Diterapkan",2022-01-07,Tribunjambi.com
https://faktual.net/sebelum-berangkat-ke-pulau-seribu-222-wisatawan-jalani-scan-barcode-peduli-lindungi-di-pelabuhan-kaliadem-muara-angke/,"Sebelum Berangkat Ke Pulau Seribu, 222 Wisatawan Jalani Scan Barcode Peduli Lindungi di Pelabuhan Kaliadem Muara Angke",2022-01-04,Faktual.Net
https://kumparan.com/berita-update/call-center-dan-kontak-penting-untuk-pengaduan-pedulilindungi-1xEiabL27Ir,Call Center dan Kontak Penting untuk Pengaduan PeduliLindungi - kumparan.com,2022-01-03,Kumparan
https://mediajawatimur.pikiran-rakyat.com/umum/pr-1693374870/cara-mudah-download-sertifikat-vaksinasi-covid-19-tanpa-aplikasi-pedulilindungi-hanya-lewat-whatsapp?page=all,"Cara Mudah Download Sertifikat Vaksinasi Covid-19 Tanpa Aplikasi PeduliLindungi, Hanya Lewat WhatsApp - Pikiran Rakyat MediaJawaTimur",2022-01-02,Pikiran-Rakyat.com
https://www.inibalikpapan.com/misa-natal-di-gereja-santa-theresia-balikpapan-dibatasi-50-persen-wajib-terapkan-apikasi-peduli-lindungi/,"Misa Natal di Gereja Santa Theresia Balikpapan Dibatasi 50 Persen, Wajib Terapkan Aplikasi Peduli Lindungi",2021-12-24,IniBalikpapan.Com
https://www.bbc.com/indonesia/indonesia-59759975,Sanksi pelanggar aplikasi Pedulilindungi menuai kritik: 'negara ini senang sekali menghukum warganya',2021-12-23,BBC
https://jatimtimes.com/baca/256795/20211222/031600/tinjau-terminal-arjosari-malang-wakapolresta-soroti-layanan-pedulilindungi-yang-kurang-efektif,"Tinjau Terminal Arjosari Malang, Wakapolresta Soroti Layanan PeduliLindungi yang Kurang Efektif",2021-12-22,Jatimtimes
https://icjr.or.id/hentikan-promosi-penggunaan-sanksi-pidana-untuk-dorong-penggunaan-aplikasi-peduli-lindungi/,Hentikan Promosi Penggunaan Sanksi Pidana untuk Dorong Penggunaan Aplikasi Peduli Lindungi,2021-12-22,Institute for Criminal Justice Reform
https://kumparan.com/berita-update/cara-ganti-nomor-hp-di-pedulilindungi-lewat-aplikasi-whatsapp-1x3dVLUXZBO,Cara Ganti Nomor HP di Pedulilindungi Lewat Aplikasi WhatsApp - kumparan.com,2021-12-06,Kumparan
https://jateng.tribunnews.com/2021/12/03/terapkan-uji-coba-qr-code-peduli-lindungi-rsud-dr-soehadi-prijonegoro-sragen-cegah-covid-19-meluas,"Terapkan Uji Coba QR Code Peduli Lindungi, RSUD dr Soehadi Prijonegoro Sragen Cegah Covid-19 Meluas",2021-12-03,Tribunjateng.com
https://www.balpos.com/ekonomi/1792986647/Dukung-Protokol-Covid-Melalui-Pembelian-Tiket-Ferry-BRI-Luncurkan-Peduli-Lindungi-Melalui-Agen-BRIL,"Dukung Protokol Covid Melalui Pembelian Tiket Ferry, BRI Luncurkan Peduli Lindungi Melalui Agen BRIL - Balpos",2021-12-03,Balikpapan Pos
https://kaimananews.com/berlaku-umum-masuk-area-polres-wajib-gunakan-aplikasi-peduli-lindungi/,"Berlaku Umum, Masuk Area Polres Wajib Gunakan Aplikasi Peduli Lindungi",2021-11-30,kaimana news
https://koreri.com/2021/11/29/urus-sim-di-satlantas-manokwari-wajib-gunakan-aplikasi-peduli-lindungi/,Urus SIM di Satlantas Manokwari Wajib Gunakan Aplikasi Peduli Lindungi - Korericom - Berita Indonesia Timur,2021-11-29,Koreri
https://kaltimku.id/semua-pintu-masuk-plaza-balikpapan-dipasang-scan-qr-code-peduli-lindungi/,Semua Pintu Masuk Plaza Balikpapan Dipasang Scan QR Code Peduli Lindungi,2021-11-26,Kaltimku.id
https://berita.batangkab.go.id/?p=1&id=8094,Pemkab Batang Gelar Simulasi Penggunaan QR Code Peduli Lindungi di Destinasi Wisata,2021-11-25,Pemerintah Kabupaten Batang
https://www.kompas.com/tren/read/2021/11/22/124500565/infografik--cara-unduh-sertifikat-vaksinasi-via-chatbot-whatsapp,INFOGRAFIK: Cara Unduh Sertifikat Vaksinasi via Chatbot WhatsApp PeduliLindungi - Kompas.com,2021-11-22,Kompas.com
https://ambon.tribunnews.com/2021/11/22/begini-cara-unduh-sertifikat-vaksin-covid-19-dan-solusi-jika-sertifikat-di-pedulilindungi-terkendala?jxrecoid=03eeba7e-353a-4c80-9216-06e3d463e87e~mix_tribunnews?source=widgetArtikelRekomendasi&engine=JXA,Begini Cara Unduh Sertifikat Vaksin Covid-19 dan Solusi Jika Sertifikat di PeduliLindungi Terkendala,2021-11-22,Tribunambon.com
https://www.bola.com/ragam/read/4714187/cara-ubah-data-diri-di-aplikasi-pedulilindungi-lewat-whatsapp-gampang-banget,"Cara Ubah Data Diri di Aplikasi PeduliLindungi Lewat WhatsApp, Gampang Banget",2021-11-19,Bola.com
https://www.fimela.com/info/read/4715039/ubah-data-sertifikat-vaksin-bisa-lewat-whatsapp-begini-caranya,"Ubah Data Sertifikat Vaksin Bisa Lewat WhatsApp, Begini Caranya",2021-11-19,Fimela
https://www.detik.com/edu/detikpedia/d-5813270/cara-perbaiki-data-pedulilindungi-lewat-whatsapp-siswa-bisa-coba-ini,"Cara Perbaiki Data PeduliLindungi Lewat WhatsApp, Siswa Bisa Coba Ini!",2021-11-16,detikcom
https://indonesiabaik.id/infografis/download-sertifikat-vaksin-lewat-chatbot-whatsapp-pedulilindungi,Download Sertifikat Vaksin Lewat Chatbot WhatsApp PeduliLindungi,2021-11-16,Indonesia Baik
https://pontianak.tribunnews.com/2021/11/15/ayani-mega-mall-pontianak-mulai-terapkan-aplikasi-peduli-lindungi-bagi-pengunjung,Ayani Mega Mall Pontianak Mulai Terapkan Aplikasi Peduli Lindungi Bagi Pengunjung,2021-11-15,Tribunpontianak.co.id
https://wartapontianak.pikiran-rakyat.com/kalbar/pr-1173022091/ayani-mega-mall-pontianak-terapkan-aplikasi-peduli-lindungi?page=all,Ayani Mega Mall Pontianak Terapkan Aplikasi Peduli Lindungi - Warta Pontianak,2021-11-15,Warta Pontianak
https://money.kompas.com/read/2021/11/13/060000326/mudah-ini-cara-menggunakan-chatbot-pedulilindungi,"Mudah, Ini Cara Menggunakan Chatbot PeduliLindungi",2021-11-13,Kompas.com
https://lenterasultra.com/web/2021/11/12/pemkot-kendari-bakal-wajibkan-akses-peduli-lindungi-di-tempat-keramaian/,Pemkot Kendari Bakal Wajibkan Akses Peduli Lindungi di Tempat Keramaian,2021-11-12,Lentera Sultra
https://kominfo.magetan.go.id/chatbox-whatsapp-peduli-lindungi/,Chatbox Whatsapp Peduli Lindungi,2021-11-12,kominfo.magetan.go.id
https://www.liputan6.com/tekno/read/4708152/kemenkes-luncurkan-layanan-chatbot-whatsapp-pedulilindungi,Kemenkes Luncurkan Layanan Chatbot WhatsApp PeduliLindungi,2021-11-11,Liputan6.com
https://www.menpan.go.id/site/berita-terkini/kemenkes-luncurkan-chatbot-whatsapp-pedulilindungi,Kemenkes Luncurkan Chatbot Whatsapp PeduliLindungi,2021-11-11,Kementerian Pendayagunaan Aparatur Negara dan Reformasi Birokrasi
https://sumeks.disway.id/read/418523/bni-cabang-kayuagung-terapkan-aplikasi-peduli-lindungi,BNI Cabang Kayuagung Terapkan Aplikasi Peduli Lindungi - sumeks.disway.id,2021-11-11,Sumeks.co
https://money.kompas.com/read/2021/11/11/193914326/pedulilindungi-tambah-fitur-chatbot-wa-aduan-masyarakat-langsung-diproses,"PeduliLindungi Tambah Fitur Chatbot WA, Aduan Masyarakat Langsung Diproses",2021-11-11,Kompas.com
https://medan.tribunnews.com/2021/11/11/pengaduan-bisa-langsung-melalui-chatbot-whatsapp-fitur-baru-pedulilindungi-langsung-diproses,"Pengaduan Bisa Langsung Melalui Chatbot WhatsApp, Fitur Baru PeduliLindungi, Langsung Diproses",2021-11-11,Tribun-medan.com
https://www.rmolaceh.id/setdakab-aceh-besar-luncurkan-barcode-aplikasi-peduli-lindungi,Setdakab Aceh Besar Luncurkan Barcode Aplikasi Peduli Lindungi,2021-11-08,rmolaceh
https://diskominfo.kaltaraprov.go.id/pemprov-gelar-layanan-gabungan-untuk-perbaiki-masalah-administrasi-pada-vaksinasi/,Pemprov Gelar Layanan Gabungan untuk Perbaiki Masalah Administrasi pada Vaksinasi,2021-11-08,Kaltaraprov.go.id
https://news.detik.com/berita/d-5802562/kegunaan-aplikasi-pedulilindungi-apa-saja-cek-di-sini,Kegunaan Aplikasi PeduliLindungi Apa Saja? Cek di Sini!,2021-11-08,detikNews
https://jatimtimes.com/baca/253442/20211106/033400/penerapan-aplikasi-peduli-lindungi-jadi-syarat-wajib-peserta-mtq-xxix-di-pamekasan,Penerapan Aplikasi Peduli Lindungi Jadi Syarat Wajib Peserta MTQ XXIX di Pamekasan,2021-11-06,Jatimtimes
https://indonesiabaik.id/infografis/tampilan-baru-aplikasi-pedulilindungi,Tampilan Baru Aplikasi PeduliLindungi,2021-11-02,Indonesia Baik
https://palembang.tribunnews.com/2021/10/31/masuk-mall-wajib-peduli-lindungi-terjadi-antrean-di-ptc-mall-pengunjung-unduh-aplikasi-di-tempat,"Masuk Mall Wajib Peduli Lindungi, Terjadi Antrean di PTC Mall, Pengunjung Unduh Aplikasi di Tempat",2021-10-31,Sripoku.com
https://tangerang.tribunnews.com/2021/10/28/dinas-kominfo-kota-tangerang-mulai-pasang-339-qr-code-peduli-lindungi-di-pusat-keramaian,Dinas Kominfo Kota Tangerang Mulai Pasang 339 QR Code Peduli Lindungi di Pusat Keramaian,2021-10-28,Tribuntangerang.com
https://www.pelitabanten.com/news/terdapat-339-qr-code-masuk-puspemkot-tangerang-gunakan-peduli-lindungi/,"Terdapat 339 QR Code, Masuk Puspemkot Tangerang Gunakan Peduli Lindungi",2021-10-28,Pelita Banten
https://www.tangerangkota.go.id/berita/detail/28421/pemkot-lakukan-pemasangan-339-qr-code-peduli-lindungi,Pemkot Lakukan Pemasangan 339 QR Code Peduli Lindungi,2021-10-28,Kota Tangerang
https://radarbanyuwangi.jawapos.com/edukasi/75899154/sman-1-situbondo-terapkan-aplikasi-peduli-lindungi,SMAN 1 Situbondo Terapkan Aplikasi Peduli Lindungi - Radar Banyuwangi,2021-10-27,Radar Banyuwangi
https://www.tangerangkota.go.id/berita/detail/28381/disbudpar-monitoring-penggunaan-aplikasi-peduli-lindungi-di-perhotelan,Disbudpar Monitoring Penggunaan Aplikasi Peduli Lindungi di Perhotelan,2021-10-26,Kota Tangerang
https://jatim.tribunnews.com/2021/10/26/destinasi-wisata-di-sampang-dibuka-bersyarat-ada-kendala-penerapan-peduli-lindungi,"Destinasi Wisata di Sampang Dibuka Bersyarat, Ada Kendala Penerapan Peduli Lindungi",2021-10-26,Tribunjatim.com
https://beritajatim.com/dibuka-kembali-gor-jayabaya-kota-kediri-terapkan-aplikasi-peduli-lindungi,"Dibuka Kembali, GOR Jayabaya Kota Kediri Terapkan Aplikasi Peduli Lindungi",2021-10-26,beritajatim.com
https://dialeksis.com/aceh/butuh-pelayanan-di-polresta-banda-aceh-jangan-lupa-siapkan-aplikasi-pedulilindungi/,"Butuh Pelayanan di Polresta Banda Aceh, Jangan Lupa Siapkan Aplikasi PeduliLindungi »",2021-10-17,Dialeksis.com
https://seputarperak.com/baca-25792-sosialisasi-aplikasi-peduli-lindungi-terus-digalakkan-polsek-krembangan,SOSIALISASI APLIKASI PEDULI LINDUNGI TERUS DIGALAKKAN POLSEK KREMBANGAN,2021-10-15,Polres Pelabuhan Tanjung Perak
https://jamberita.com/read/2021/10/15/5970010/segera-aplikasi-peduli-lindungi-di-kantor-opd-lingkungan-pemkot-jambi,OPD Pemkot Jambi Segera Berlakukan Aplikasi PeduliLindungi,2021-10-15,jamberita.com
https://kemenag.go.id/nasional/kemenag-dan-kemenkes-matangkan-konsep-integrasi-siskopatuh-dan-peduli-lindungi-2rgrgx,Kemenag dan Kemenkes Matangkan Konsep Integrasi Siskopatuh dan Peduli Lindungi,2021-10-14,Kementerian Agama RI
https://www.cnbcindonesia.com/tech/20211013154950-37-283660/pedulilindungi-tak-cuma-sertifikat-vaksin-cek-fitur-ini,"PeduliLindungi Tak Cuma Sertifikat Vaksin, Cek Fitur Ini!",2021-10-13,CNBC Indonesia
https://www.perhutani.co.id/perhutani-siapkan-aplikasi-peduli-lindungi-pada-lokasi-wisata-di-jatim/,Perhutani Siapkan Aplikasi Peduli Lindungi Pada Lokasi Wisata di Jatim,2021-10-13,Perhutani
https://jakartaglobe.id/lifestyle/balis-ngaben-ceremony-sets-an-example-of-new-habits-adaptation,Bali's Ngaben Ceremony Sets an Example of New Habits Adaptation,2021-10-11,Jakarta Globe
https://www.topsumbar.co.id/2021/10/wako-padang-keluarkan-surat-edaran-percepatan-vaksinasi-dan-peduli-lindungi-pencegahan-pandemi-covid-19/,Wako Padang Keluarkan Surat Edaran Percepatan Vaksinasi dan Peduli Lindungi Pencegahan Pandemi COVID-19,2021-10-11,Top Sumbar
https://www.kompasiana.com/tianhombing6637/6163c3d46e7f0104e86582f2/se-belum-terlambat-peduli-lindungi-bumi-dengan-dukung-usaha-net-zero-emissions?page=all&page_images=5,"(Se)belum Terlambat Peduli Lindungi Bumi dengan Dukung Usaha ""Net-Zero Emissions"" - Kompasiana.com",2021-10-11,Kompasiana.com
https://news.detik.com/berita-jawa-timur/d-5760776/lapas-rutan-di-jatim-wajib-pedulilindungi-saat-layanan-kunjungan-dibuka,Lapas/Rutan di Jatim Wajib PeduliLindungi Saat Layanan Kunjungan Dibuka,2021-10-10,detikNews
https://kaltimedia.com/2021/10/09/bioskop-balikpapan-sudah-mulai-buka-wajib-scan-qr-code-peduli-lindungi/,"Bioskop Balikpapan Sudah Mulai Buka, Wajib Scan QR Code Peduli Lindungi -",2021-10-09,kaltimedia.com
https://jatim.antaranews.com/berita/533645/kemenkumham-jatim-wajibkan-aplikasi-pedulilindungi-saat-pengunjung-masuk-lapas,Kemenkumham Jatim wajibkan aplikasi PeduliLindungi saat pengunjung masuk lapas,2021-10-09,Antara Jatim News
https://www.datariau.com/detail/berita/hati-hati---situs-palsu-peduli-lindungi-kembali-beredar,"Hati-hati!, Situs Palsu Peduli Lindungi Kembali Beredar",2021-10-08,DataRiau.com
https://radarkudus.jawapos.com/grobogan/691638183/rumah-makan-pasar-hingga-caf%C3%A9-wajib-pakai-aplikasi-peduli-lindungi,"Rumah Makan, Pasar hingga Café Wajib Pakai Aplikasi Peduli Lindungi - Radar Kudus",2021-10-08,Radar Kudus
https://inilahjogja.com/masuk-ke-polres-sleman-masyarakat-wajib-pindai-qr-code-peduli-lindungi/,"Masuk ke Polres Sleman, Masyarakat Wajib Pindai QR Code Peduli Lindungi",2021-10-08,Inilah Jogja
https://beritajatim.com/semua-pusat-perbelanjaan-kota-kediri-buka-dan-gunakan-aplikasi-peduli-lindungi,Semua Pusat Perbelanjaan Kota Kediri Buka dan Gunakan Aplikasi Peduli Lindungi,2021-10-08,beritajatim.com
https://beritacikarang.com/dampak-vaksinasi-covid-19-pengajuan-validasi-nik-di-disdukcapil-kabupaten-bekasi-meningkat/,"Dampak Vaksinasi Covid-19, Pengajuan Validasi NIK di Disdukcapil Kabupaten Bekasi Meningkat",2021-10-07,Berita Cikarang
https://en.antaranews.com/news/193105/pedulilindungi-qr-codes-integrated-with-dozens-of-apps-minister,PeduliLindungi QR codes integrated with dozens of apps: minister,2021-10-07,ANTARA News
https://bloktuban.com/2021/10/07/aplikasi-peduli-lindungi-jadi-persyaratan-masuk-polres-tuban,Aplikasi Peduli Lindungi Jadi Persyaratan Masuk Polres Tuban,2021-10-07,blokTuban.com
https://www.matakepri.com/detail-news/2021/10/07/23299/Beverly-Hotel-Terapkan-Scan-QR-Code-Applikasi-Peduli-Lindungi,Beverly Hotel Terapkan Scan QR Code Applikasi Peduli Lindungi,2021-10-07,MataKepri
https://dorronlinenews.com/2021/10/cegah-penyebaran-covid-19-anggota-polres-dan-pengunjung-di-wajibkan-scan-barcode-peduli-lindungi-di-pintu-masuk-penjagaan-polres/,Cegah Penyebaran Covid-19 Anggota Polres Dan Pengunjung Di Wajibkan Scan Barcode Peduli Lindungi Di Pintu Masuk Penjagaan Polres,2021-10-07,dorronlinenews.com
https://www.mahkamahagung.go.id/id/pengumuman/4843/pemberitahuan-permohonan-scan-digital-code-qr-code-peduli-lindungi-di-lingkungan-perkantoran,Mahkamah Agung Republik Indonesia,2021-10-06,Mahkamah Agung
https://ambon.tribunnews.com/ucnews/2021/10/06/pt-pelni-cabang-namlea-rencana-berlakukan-aplikasi-peduli-lindungi-sebagai-syarat-pembelian-tiket,PT Pelni Cabang Namlea Rencana Berlakukan Aplikasi Peduli Lindungi sebagai Syarat Pembelian Tiket,2021-10-06,Tribunambon.com
https://mapaybandung.pikiran-rakyat.com/jawa-barat/pr-1472736536/soal-rencana-masuk-pasar-pakai-peduli-lindungi-dprd-jabar-sebut-perlu-dikaji-ulang?page=all,"Soal Rencana Masuk Pasar Pakai Peduli Lindungi, DPRD Jabar Sebut Perlu Dikaji Ulang - Mapay Bandung",2021-10-05,Mapay Bandung
https://jatim.tribunnews.com/2021/10/03/seluruh-layanan-di-bawah-satlantas-polres-tulungagung-wajib-gunakan-aplikasi-pedulilindungi,Seluruh Layanan di Bawah Satlantas Polres Tulungagung Wajib Gunakan Aplikasi PeduliLindungi,2021-10-03,Tribunjatim.com
https://manado.tribunnews.com/2021/10/02/masuk-mantos-harus-pakai-aplikasi-peduli-lindungi-diwajibkan-mulai-4-oktober-2021,"Masuk Mantos Harus Pakai Aplikasi Peduli Lindungi, Diwajibkan Mulai 4 Oktober 2021",2021-10-02,manado.tribunnews.com
https://mediacyberbhayangkara.com/cegah-penyebaran-covid19-masuk-polres-bogor-wajib-qr-code-aplikasi-peduli-lindungi/,"Cegah Penyebaran Covid19, Masuk Polres Bogor Wajib QR Code Aplikasi Peduli Lindungi -",2021-09-30,mediacyberbhayangkara
https://ambon.tribunnews.com/ucnews/2021/09/30/pelabuhan-ambon-mulai-sosialisasi-penggunaan-aplikasi-peduli-lindungi-bagi-penumpang,Pelabuhan Ambon Mulai Sosialisasi Penggunaan Aplikasi Peduli Lindungi bagi Penumpang,2021-09-30,Tribunambon.com
https://jatimtimes.com/baca/250945/20210930/113800/tekan-penyebaran-covid-19-polres-blitar-kota-terapkan-aplikasi-peduli-lindungi,"Tekan Penyebaran Covid-19, Polres Blitar Kota Terapkan Aplikasi Peduli Lindungi",2021-09-30,Jatimtimes
https://jogja.suara.com/read/2021/09/29/140344/diy-siapkan-aplikasikan-peduli-lindungi-di-sekolah,DIY Siapkan Aplikasikan Peduli Lindungi di Sekolah,2021-09-29,Suarajogja.id
https://beritacikarang.com/masuk-kantor-pemkab-bekasi-wajib-pakai-aplikasi-peduli-lindungi/,Masuk Kantor Pemkab Bekasi Wajib Pakai Aplikasi Peduli Lindungi,2021-09-29,Berita Cikarang
https://jatimnet.com/cegah-covid-pemkot-mojokerto-terapkan-scan-barcode-peduli-lindungi,"Cegah Covid, Pemkot Mojokerto Terapkan Scan Barcode Peduli Lindungi",2021-09-29,jatimnet.com
https://jatengpos.co.id/terapkan-aplikasi-peduli-lindungi-wisata-tawangmangu-terkendala-jaringan-internet/rita/,"Terapkan Aplikasi Peduli Lindungi, Wisata Tawangmangu Terkendala Jaringan Internet",2021-09-28,jatengpos.co.id
https://suaraindonesianews.com/news/anggota-dpr-ri-nurul-arifin-jamin-data-pada-aplikasi-peduli-lindungi-aman/,Anggota DPR RI Nurul Arifin Jamin Data pada Aplikasi Peduli Lindungi Aman,2021-09-28,Suara Indonesia News
https://beritajatim.com/kembali-buka-wisata-sumber-banteng-kota-kediri-gunakan-aplikasi-peduli-lindungi,"Kembali Buka, Wisata Sumber Banteng Kota Kediri Gunakan Aplikasi Peduli Lindungi",2021-09-25,beritajatim.com
https://ambon.tribunnews.com/2021/09/24/masuk-mall-di-ambon-pakai-aplikasi-peduli-lindungi-wakil-rakyat-bikin-masyarakat-tertekan,"Masuk Mall di Ambon Pakai Aplikasi Peduli Lindungi, Wakil Rakyat; Bikin Masyarakat Tertekan",2021-09-24,Tribunambon.com
https://blitarkota.go.id/berita/qr-code-peduli-lindungi-masih-diajukan-ke-pemerintah-pusat-pemeriksaan-bukti-vaksin-wisata-mbk-dilakukan-manual,"QR Code Peduli Lindungi Masih Diajukan ke Pemerintah Pusat, Pemeriksaan Bukti Vaksin Wisata MBK Dilakukan Manual",2021-09-22,Pemerintah Kota Blitar
https://www.idxchannel.com/economics/pedulilindungi-tembus-1-juta-pengguna-di-bandara-ap-ii,PeduliLindungi Tembus 1 Juta Pengguna di Bandara AP IIÂ,2021-09-22,IDX Channel
https://radarsemarang.jawapos.com/salatiga/721384894/samsat-salatiga-uji-coba-aplikasi-peduli-lindungi,Samsat Salatiga Uji Coba Aplikasi Peduli Lindungi - Radar Semarang,2021-09-22,Radar Semarang
https://klikjatim.com/bioskop-golden-tulungagung-screening-pengunjung-dengan-aplikasi-peduli-lindungi/,Bioskop Golden Tulungagung Screening Pengunjung dengan Aplikasi Peduli Lindungi News,2021-09-22,KlikJatim.com
https://mettanews.id/gibran-dorong-seluruh-tempat-makan-di-solo-gunakan-peduli-lindungi/,Gibran Dorong Seluruh Tempat Makan di Solo Gunakan Peduli Lindungi,2021-09-22,Mettanews.id
https://bekaci.suara.com/read/2021/09/21/120500/kontroversi-aplikasi-pelindunglindungi-di-indomaret-ini-penjelasan-pemkot-bekasi,"Kontroversi Aplikasi Pelindunglindungi di Indomaret, Ini Penjelasan Pemkot Bekasi",2021-09-21,Suarabekaci.id
https://gadgetren.com/2021/09/21/pesan-invalid-signature-di-aplikasi-pedulilindungi-147010/,"Muncul Pesan Invalid Signature di Aplikasi PeduliLindungi, Apa Maksudnya?",2021-09-21,Gadgetren
https://ambon.go.id/ambon-ppkm-mikro-level-2-masuk-mall-wajib-gunakan-aplikasi-peduli-lindungi-smp-se-derajat-mulai-ptm/,"Ambon PPKM Mikro Level 2, Masuk Mall Wajib Gunakan Aplikasi Peduli Lindungi, SMP Se-derajat Mulai PTM",2021-09-21,Pemerintah Kota Ambon
https://www.balidiscovery.com/pedulilindungi-app-required-in-bali/,PeduliLindungi App Required in Bali,2021-09-20,Bali Discovery
https://warta.jogjakota.go.id/detail/index/16975,Destinasi Wisata Diminta Lengkapi CHSE dan QR Code Peduli Lindungi,2021-09-17,Pemerintah Kota Yogyakarta
https://www.nusabali.com/berita/102505/propam-polres-gianyar-sidak-penerapan-aplikasi-peduli-lindungi,Propam Polres Gianyar Sidak Penerapan Aplikasi Peduli Lindungi,2021-09-16,NUSABALI.com
https://timesindonesia.co.id/kopi-times/370245/esensi-peduli-lindungi,Esensi Peduli Lindungi,2021-09-15,TIMES Indonesia
https://kaltara.tribunnews.com/2021/09/14/arti-warna-hijau-kuning-merah-dan-hitam-di-aplikasi-peduli-lindungi-simak-penjelasannya,"Arti Warna Hijau, Kuning, Merah dan Hitam di Aplikasi Peduli Lindungi, Simak Penjelasannya",2021-09-14,kaltara.tribunnews.com
https://setkab.go.id/en/pedulilindungi-app-accommodates-foreign-issued-vaccination-cardholders/,PeduliLindungi App Accommodates Foreign-Issued Vaccination Cardholders,2021-09-14,Sekretariat Kabinet Republik Indonesia
https://depok.tribunnews.com/2021/09/13/terapkan-aplikasi-peduli-lindungi-serta-sertifikat-vaksin-bagi-penumpang-krl-kini-beroperasi-penuh,"Terapkan Aplikasi Peduli Lindungi Serta Sertifikat Vaksin Bagi Penumpang, KRL Kini Beroperasi Penuh",2021-09-13,depok.tribunnews.com
https://riau.harianhaluan.com/nasional/pr-111146321/waspada-phising-website-peduli-lindungi-dipalsukan-oknum-tak-bertanggung-jawab,Waspada Phising! Website Peduli Lindungi Dipalsukan Oknum Tak Bertanggung Jawab - Haluan Riau,2021-09-11,Haluan Riau
https://newsmaker.tribunnews.com/2021/09/10/cara-scan-qr-code-di-aplikasi-peduli-lindungi-untuk-mengetahui-sertifikat-vaksinasi-covid-19?page=2,CARA Scan QR Code di Aplikasi Peduli Lindungi untuk Tunjukkan Bukti Sertifikat Vaksinasi Covid-19,2021-09-10,Tribunnewsmaker.com
https://tirto.id/manfaat-aplikasi-pedulilindungi-selain-untuk-unduh-sertifikat-covid-gjnp,Manfaat Aplikasi PeduliLindungi Selain untuk Unduh Sertifikat Covid,2021-09-09,Tirto.id
https://inet.detik.com/security/d-5716818/ini-15-masalah-di-aplikasi-pedulilindungi-yang-harus-diperbaiki,Ini 15 Masalah di Aplikasi PeduliLindungi yang Harus Diperbaiki,2021-09-09,detikInet
https://health.grid.id/read/352882362/ada-situs-palsu-peduli-lindungi-untuk-sedot-data-warga-kemkominfo-imbau-unduh-hanya-dari-sumber-resmi?page=all,Ada Situs Palsu Peduli Lindungi Untuk Sedot Data Warga? Kemkominfo Imbau Unduh Hanya Dari Sumber Resmi,2021-09-09,Grid Health
https://suryatravel.tribunnews.com/2021/09/08/kerepotan-aplikasi-peduli-lindungi-warga-kota-madiun-mulai-padati-mal,Kerepotan Aplikasi Peduli Lindungi Warga Kota Madiun Mulai Padati Mal,2021-09-08,Tribunnews.com
https://jatim.tribunnews.com/2021/09/08/pengunjung-mulai-padati-mal-kota-madiun-masih-kesulitan-gunakan-aplikasi-peduli-lindungi,"Pengunjung Mulai Padati Mal Kota Madiun, Masih Kesulitan Gunakan Aplikasi Peduli Lindungi",2021-09-08,Tribunjatim.com
https://www.antarafoto.com/id/view/1474902/uji-coba-aplikasi-peduli-lindungi-di-stasiun-bekasi-timur,UJI COBA APLIKASI PEDULI LINDUNGI DI STASIUN BEKASI TIMUR,2021-09-07,ANTARA Foto
https://www.bankinfosecurity.com/two-data-leaks-reported-in-indonesias-covid-19-tracing-apps-a-17478,2 Data Leaks Reported in Indonesia's COVID-19 Tracking Apps,2021-09-07,GovInfoSecurity
https://www.antarafoto.com/es/view/1474906/uji-coba-aplikasi-peduli-lindungi-di-stasiun-bekasi-timur,UJI COBA APLIKASI PEDULI LINDUNGI DI STASIUN BEKASI TIMUR,2021-09-07,ANTARA Foto
https://depok.tribunnews.com/2021/09/06/kai-commuter-uji-coba-aplikasi-peduli-lindungi-di-11-stasiun-kereta-termasuk-stasiun-depok,KAI Commuter Uji Coba Aplikasi Peduli Lindungi di 11 Stasiun Kereta Termasuk Stasiun Depok,2021-09-06,depok.tribunnews.com
https://betanews.id/2021/09/pengunjung-tempat-wisata-di-kudus-belum-diwajibkan-gunakan-aplikasi-peduli-lindungi.html,Pengunjung Tempat Wisata di Kudus Belum Diwajibkan Gunakan Aplikasi Peduli Lindungi,2021-09-03,Betanews.id
https://seputarperak.com/baca-25172-kapolda-jatim-cek-vaksinasi-dan-barcode-peduli-lindungi-di-mall-surabaya,Kapolda Jatim Cek Vaksinasi dan Barcode Peduli Lindungi di Mall Surabaya,2021-09-02,Polres Pelabuhan Tanjung Perak
https://makassar.tribunnews.com/2021/09/02/masuk-nipah-mal-wajib-unduh-aplikasi-peduli-lindungi-belum-vaksin-bisa-masuk,"Masuk Nipah Mal Wajib Unduh Aplikasi Peduli Lindungi, Belum Vaksin Bisa Masuk?",2021-09-02,Tribun-timur.com
https://hackread.com/indonesian-govts-covid-19-test-trace-app-data-leak/,"Indonesian Govt’s COVID-19 test, trace app leak impacting 1.3m users",2021-09-01,Hackread
https://jatimtimes.com/baca/248887/20210901/124800/beli-tiket-di-loket-penumpang-ka-lokal-turut-dicek-pakai-aplikasi-peduli-lindungi,"Beli Tiket di Loket, Penumpang KA Lokal Turut Dicek Pakai Aplikasi Peduli Lindungi",2021-09-01,Jatimtimes
https://beritalubuklinggau.com/pelayanan-swab-antigen-swab-pcr-ar-bunda-terintegrasi-indonesia-health-alert-card-peduli-lindungi/,Pelayanan Swab Antigen & Swab PCR AR Bunda terintegrasi Indonesia Health Alert Card & Peduli lindungi,2021-08-31,beritalubuklinggau.com
https://www.antaranews.com/berita/2362958/bandara-juanda-buka-layanan-tes-antigen-tanpa-turun,Bandara Juanda buka layanan tes antigen tanpa turun,2021-08-31,ANTARA News
https://solo.suaramerdeka.com/solo-raya/pr-051013768/bst-dioperasikan-satu-orang-pemkot-surakarta-kaji-penggunaan-peduli-lindungi-di-transportasi-publik,"BST Dioperasikan Satu Orang, Pemkot Surakarta Kaji Penggunaan Peduli Lindungi di Transportasi Publik - Suara Merdeka Solo",2021-08-31,Suara Merdeka Solo
https://jombangupdate.pikiran-rakyat.com/nasional/pr-622491430/cara-cek-sertifikat-vaksin-covid-19-halal-mui-di-aplikasi-peduli-lindungi-download-tanpa-cetak-online?page=all,"Cara Cek Sertifikat Vaksin Covid-19 Halal MUI di Aplikasi Peduli Lindungi, Download Tanpa Cetak Online - Jombang Update",2021-08-30,Jombang Update
https://jnewsonline.com/kai-integrasikan-layanan-kereta-api-dengan-aplikasi-pedulilindungi/,KAI Integrasikan Layanan Kereta Api dengan Aplikasi PeduliLindungi,2021-08-30,JNEWS Online
https://rm.id/baca-berita/ekonomi-bisnis/88958/stasiun-gambir-dan-pasar-senen-integrasikan-tiket-dengan-aplikasi-peduli-lindungi,Stasiun Gambir Dan Pasar Senen Integrasikan Tiket Dengan Aplikasi Peduli Lindungi,2021-08-29,RM.ID
https://altumnews.com/2021/08/29/asdp-integrasikan-layanan-tiket-online-ferizy-dengan-aplikasi-pedulilindungi/,ASDP Integrasikan Layanan Tiket Online Ferizy dengan Aplikasi PeduliLindungi,2021-08-29,Altumnews.com
https://www.medianasional.id/asdp-integrasikan-layanan-tiket-online-ferizy-dengan-aplikasi-pedulilindungi/,ASDP Integrasikan Layanan Tiket Online Ferizy dengan Aplikasi PeduliLindungi,2021-08-29,medianasional.id
https://metro.tempo.co/read/1500105/layanan-kai-terhubung-pedulilindungi-yang-belum-vaksin-tak-bisa-naik-kereta,"Layanan KAI Terhubung PeduliLindungi, yang Belum Vaksin Tak Bisa Naik Kereta",2021-08-29,TEMPO.co
https://voi.id/ekonomi/79522/bandara-juanda-surabaya-implementasikan-aplikasi-pedulilindungi-kepada-penumpang,Bandara Juanda Surabaya Implementasikan Aplikasi PeduliLindungi kepada Penumpang,2021-08-27,VOI.ID
https://lenteratoday.com/satlantas-polresta-mojokerto-sosialisasi-aplikasi-peduli-lindungi-kepada-calon-penumpang-ka/,Satlantas Polresta Mojokerto Sosialisasi Aplikasi Peduli Lindungi Kepada Calon Penumpang KA,2021-08-26,Lentera Today
https://kempalan.com/2021/08/25/ratusan-crew-bus-serbu-layanan-vaksinasi-gratis-di-terminal-purabaya/,Ratusan Crew Bus Serbu Layanan Vaksinasi Gratis di Terminal Purabaya,2021-08-25,Kempalan.com
https://www.solotrust.com/read/39321/Aplikasi-Peduli-Lindungi-Jadi-Syarat-Masuk-Mal-SGM-Siapkan-QR-Code-di-Pintu-Masuk,"Aplikasi Peduli Lindungi Jadi Syarat Masuk Mal, SGM Siapkan QR Code di Pintu Masuk",2021-08-24,Solotrust.com
https://mediapurwodadi.pikiran-rakyat.com/purwodadi/pr-1862451332/tidak-mau-tergesa-ganjar-pranowo-usulkan-penerapan-peduli-lindungi-di-mall-dan-restoran-sebatas-uji-coba-dulu?page=all,"Tidak Mau Tergesa, Ganjar Pranowo Usulkan Penerapan Peduli Lindungi di Mall dan Restoran Sebatas Uji Coba Dulu - Media Purwodadi",2021-08-23,Media Purwodadi
https://betanews.id/2021/08/mal-di-solo-mulai-uji-coba-penggunaan-aplikasi-peduli-lindungi.html,Mal di Solo Mulai Uji Coba Penggunaan Aplikasi Peduli Lindungi,2021-08-23,Betanews.id
https://makassar.tribunnews.com/2021/08/23/masuk-mal-harus-pakai-aplikasi-peduli-lindungi-solusinya-jika-saat-chek-in-tapi-error,"Masuk Mal Harus Pakai Aplikasi Peduli Lindungi, Solusinya Jika saat Chek-in Tapi Error",2021-08-23,Tribun-timur.com
https://makassar.tribunnews.com/2021/08/13/2-penyebab-kartu-vaksin-covid-19-anda-tak-muncul-dan-3-cara-cek-sertifikat-di-peduli-lindungi?page=all,2 Penyebab Kartu Vaksin Covid-19 Anda Tak Muncul dan 3 Cara Cek Sertifikat di Peduli Lindungi,2021-08-13,Tribun-timur.com
https://jatim.tribunnews.com/2021/08/11/kontak-aduan-untuk-keluhan-sertifikat-vaksinasi-covid-19-yang-tak-muncul-diproses-1-2-minggu,"Kontak Aduan untuk Keluhan Sertifikat Vaksinasi Covid-19 yang Tak Muncul, Diproses 1-2 Minggu",2021-08-11,Tribunjatim.com
https://www.kompasiana.com/titoadam/6113873d010190581b367f22/pengalaman-masuk-mall-gunakan-aplikasi-peduli-lindungi-apa-manfaat-dan-ruginya?page=2&page_images=1,"Pengalaman Masuk Mal Gunakan Aplikasi Peduli Lindungi, Apa Manfaat dan Ruginya? - Kompasiana.com",2021-08-11,Kompasiana.com
https://surabaya.tribunnews.com/2021/08/09/8-syarat-masuk-mal-di-surabaya-masa-ppkm-level-4-wajib-vaksin-dan-unduh-aplikasi-peduli-lindungi,"8 Syarat Masuk Mal di Surabaya Masa PPKM Level 4, Wajib Vaksin dan Unduh Aplikasi Peduli Lindungi",2021-08-09,Surya.co.id
https://banjarmasin.tribunnews.com/2021/08/03/penumpang-pesawat-bandara-tjilik-riwut-palangkaraya-kalteng-wajib-aplikasi-peduli-lindungi,Penumpang Pesawat Bandara Tjilik Riwut Palangkaraya Kalteng Wajib Aplikasi Peduli Lindungi,2021-08-03,banjarmasin.tribunnews.com
https://ambon.tribunnews.com/ucnews/2021/07/29/cek-status-dan-download-sertifikat-vaksin-covid-19-via-pedulilindungiid-begini-caranya,"Cek Status dan Download Sertifikat Vaksin Covid-19 via pedulilindungi.id, Begini Caranya",2021-07-29,Tribunambon.com
https://www.beritamerdekaonline.com/2021/07/perumahan-tas-blok-m-n-motto-satgas-peduli-lindungi-jaga-iman-tetap-bahagia-sidoarjo-jawa-timur/,Perumahan tas Blok M & N Motto Satgas “Peduli Lindungi” Jaga Iman tetap Bahagia Sidoarjo-Jawa Timur,2021-07-21,Berita Merdeka Online
https://www.idxchannel.com/economics/masih-bingung-ini-tips-mudah-download-dan-cetak-sertifikat-vaksin-covid-19,Masih Bingung? Ini Tips Mudah Download dan Cetak Sertifikat Vaksin Covid-19,2021-07-12,IDX Channel
https://www.parapuan.co/read/532774014/cara-download-sertifikat-vaksin-covid-19-di-pedulilindungi-mudah-kok,"Cara Download Sertifikat Vaksin Covid-19 di PeduliLindungi, Mudah Kok!",2021-07-05,Parapuan
https://sehatnegeriku.kemkes.go.id/baca/umum/20210701/5238000/kemenkes-luncurkan-qr-code-untuk-aplikasi-pedulilindungi-perkuat-tracking-dan-contact-tracing-covid-19/,"Kemenkes Luncurkan QR Code untuk Aplikasi PeduliLindungi, Perkuat Tracking dan Contact Tracing COVID-19",2021-07-01,Sehat Negeriku
https://www.suara.com/health/2021/01/18/114052/cara-mendapatkan-vaksin-covid-19-gratis-dari-pemerintah,Cara Mendapatkan Vaksin Covid-19 Gratis dari Pemerintah,2021-01-18,Suara.com
https://portalkudus.pikiran-rakyat.com/nasional/pr-791265640/nik-nakes-belum-terdaftar-segera-kirim-email-ke-peduli-lindungi-begini-formatnya?page=all,"NIK Nakes Belum Terdaftar? Segera Kirim Email ke Peduli Lindungi, Begini Formatnya! - Portal Kudus",2021-01-13,Portal Kudus
https://www.cnbcindonesia.com/tech/20201223171440-37-211292/pengumuman-kini-bisa-konsultasi-kesehatan-di-pedulilindungi,Pengumuman! Kini Bisa Konsultasi Kesehatan di PeduliLindungi,2020-12-23,CNBC Indonesia
https://citizenlab.ca/2020/12/unmasked-ii-an-analysis-of-indonesia-and-the-philippines-government-launched-covid-19-apps/,Unmasked II: An Analysis of Indonesia and the Philippines’ Government-launched COVID-19 Apps,2020-12-21,The Citizen Lab
https://sahabatsicepat.com/aplikasi-peduli-lindungi-untuk-tracing-covid-19/?amp=1,Aplikasi Peduli Lindungi Untuk Tracing Covid-19,2020-04-22,Sahabat SiCepat
http://www.thejakartapost.com/life/2020/04/21/what-to-know-before-using-pedulilindungi-surveillance-app-according-to-cybersecurity-expert.html,"What to know before using PeduliLindungi surveillance app, according to cybersecurity expert",2020-04-21,The Jakarta Post
https://www.geospatialworld.net/apps/covid-19/indonesia-launches-pedulilindungi-app-to-take-on-covid-19/,Indonesia launches PeduliLindungi app to take on COVID-19,2020-04-10,Geospatial World
https://radartulungagung.jawapos.com/features/76783406/tak-hanya-nikmat-dessert-yang-satu-ini-punya-cita-rasa-unik-dan-sehat,"Tak Hanya Nikmat, Dessert yang Satu Ini Punya Cita Rasa Unik dan Sehat - Radar Tulungagung",2019-03-25,Radar Tulungagung
